{
  "Files": [
    {
      "Name": "sharedassets3.assets",
      "Assets": [
        {
          "PathID": 2,
          "Name": "stairs",
          "Type": "Texture2D"
        },
        {
          "PathID": 3,
          "Name": "lamp post 1",
          "Type": "Texture2D"
        },
        {
          "PathID": 4,
          "Name": "RH",
          "Type": "Texture2D"
        },
        {
          "PathID": 5,
          "Name": "h1",
          "Type": "Texture2D"
        },
        {
          "PathID": 6,
          "Name": "T2",
          "Type": "Texture2D"
        },
        {
          "PathID": 7,
          "Name": "Cross",
          "Type": "Texture2D"
        },
        {
          "PathID": 8,
          "Name": "T4",
          "Type": "Texture2D"
        },
        {
          "PathID": 9,
          "Name": "H3",
          "Type": "Texture2D"
        },
        {
          "PathID": 10,
          "Name": "Sky",
          "Type": "Texture2D"
        }
      ]
    },
    {
      "Name": "sharedassets2.assets",
      "Assets": [
        {
          "PathID": 2,
          "Name": "chainSaw0028",
          "Type": "Texture2D"
        },
        {
          "PathID": 3,
          "Name": "chainSaw0024",
          "Type": "Texture2D"
        },
        {
          "PathID": 4,
          "Name": "chainSaw0001",
          "Type": "Texture2D"
        },
        {
          "PathID": 5,
          "Name": "ChainBlade0040",
          "Type": "Texture2D"
        },
        {
          "PathID": 6,
          "Name": "chainSaw0009",
          "Type": "Texture2D"
        },
        {
          "PathID": 7,
          "Name": "ChainBlade0027",
          "Type": "Texture2D"
        },
        {
          "PathID": 8,
          "Name": "ChainBlade0016",
          "Type": "Texture2D"
        },
        {
          "PathID": 9,
          "Name": "chainSaw0012",
          "Type": "Texture2D"
        },
        {
          "PathID": 10,
          "Name": "chainSaw0040",
          "Type": "Texture2D"
        },
        {
          "PathID": 11,
          "Name": "ChainBlade0019",
          "Type": "Texture2D"
        },
        {
          "PathID": 12,
          "Name": "chainSaw0002",
          "Type": "Texture2D"
        },
        {
          "PathID": 13,
          "Name": "chainSaw0029",
          "Type": "Texture2D"
        },
        {
          "PathID": 14,
          "Name": "ChainBlade0035",
          "Type": "Texture2D"
        },
        {
          "PathID": 15,
          "Name": "chainSaw0004",
          "Type": "Texture2D"
        },
        {
          "PathID": 16,
          "Name": "ChainBlade0025",
          "Type": "Texture2D"
        },
        {
          "PathID": 17,
          "Name": "t2",
          "Type": "Texture2D"
        },
        {
          "PathID": 18,
          "Name": "chainSaw0031",
          "Type": "Texture2D"
        },
        {
          "PathID": 19,
          "Name": "chainSaw0007",
          "Type": "Texture2D"
        },
        {
          "PathID": 20,
          "Name": "chainSaw0005",
          "Type": "Texture2D"
        },
        {
          "PathID": 21,
          "Name": "chainSaw0003",
          "Type": "Texture2D"
        },
        {
          "PathID": 22,
          "Name": "chainSaw0021",
          "Type": "Texture2D"
        },
        {
          "PathID": 23,
          "Name": "ChainBlade0006",
          "Type": "Texture2D"
        },
        {
          "PathID": 24,
          "Name": "ChainBlade0010",
          "Type": "Texture2D"
        },
        {
          "PathID": 25,
          "Name": "chainSaw0023",
          "Type": "Texture2D"
        },
        {
          "PathID": 26,
          "Name": "chainSaw0032",
          "Type": "Texture2D"
        },
        {
          "PathID": 27,
          "Name": "ChainBlade0007",
          "Type": "Texture2D"
        },
        {
          "PathID": 28,
          "Name": "ChainBlade0008",
          "Type": "Texture2D"
        },
        {
          "PathID": 29,
          "Name": "ChainBlade0039",
          "Type": "Texture2D"
        },
        {
          "PathID": 30,
          "Name": "ChainBlade0024",
          "Type": "Texture2D"
        },
        {
          "PathID": 31,
          "Name": "chainSaw0033",
          "Type": "Texture2D"
        },
        {
          "PathID": 32,
          "Name": "LBH",
          "Type": "Texture2D"
        },
        {
          "PathID": 33,
          "Name": "ChainBlade0029",
          "Type": "Texture2D"
        },
        {
          "PathID": 34,
          "Name": "chainSaw0008",
          "Type": "Texture2D"
        },
        {
          "PathID": 35,
          "Name": "ChainBlade0036",
          "Type": "Texture2D"
        },
        {
          "PathID": 36,
          "Name": "ChainBlade0001",
          "Type": "Texture2D"
        },
        {
          "PathID": 37,
          "Name": "chainSaw0019",
          "Type": "Texture2D"
        },
        {
          "PathID": 38,
          "Name": "ChainBlade0022",
          "Type": "Texture2D"
        },
        {
          "PathID": 39,
          "Name": "chainSaw0025",
          "Type": "Texture2D"
        },
        {
          "PathID": 40,
          "Name": "chainSaw0036",
          "Type": "Texture2D"
        },
        {
          "PathID": 41,
          "Name": "ChainBlade0003",
          "Type": "Texture2D"
        },
        {
          "PathID": 42,
          "Name": "DT",
          "Type": "Texture2D"
        },
        {
          "PathID": 43,
          "Name": "ChainBlade0031",
          "Type": "Texture2D"
        },
        {
          "PathID": 44,
          "Name": "chainSaw0030",
          "Type": "Texture2D"
        },
        {
          "PathID": 45,
          "Name": "chainSaw0010",
          "Type": "Texture2D"
        },
        {
          "PathID": 46,
          "Name": "ChainBlade0023",
          "Type": "Texture2D"
        },
        {
          "PathID": 47,
          "Name": "chainSaw0022",
          "Type": "Texture2D"
        },
        {
          "PathID": 48,
          "Name": "Dt2",
          "Type": "Texture2D"
        },
        {
          "PathID": 49,
          "Name": "ChainBlade0018",
          "Type": "Texture2D"
        },
        {
          "PathID": 50,
          "Name": "chainSaw0027",
          "Type": "Texture2D"
        },
        {
          "PathID": 51,
          "Name": "ChainBlade0009",
          "Type": "Texture2D"
        },
        {
          "PathID": 52,
          "Name": "chainSaw0006",
          "Type": "Texture2D"
        },
        {
          "PathID": 53,
          "Name": "chainSaw0015",
          "Type": "Texture2D"
        },
        {
          "PathID": 54,
          "Name": "ChainBlade0014",
          "Type": "Texture2D"
        },
        {
          "PathID": 55,
          "Name": "chainSaw0014",
          "Type": "Texture2D"
        },
        {
          "PathID": 56,
          "Name": "ChainBlade0015",
          "Type": "Texture2D"
        },
        {
          "PathID": 57,
          "Name": "ChainBlade0030",
          "Type": "Texture2D"
        },
        {
          "PathID": 58,
          "Name": "ChainBlade0033",
          "Type": "Texture2D"
        },
        {
          "PathID": 59,
          "Name": "BHWL",
          "Type": "Texture2D"
        },
        {
          "PathID": 60,
          "Name": "ChainBlade0037",
          "Type": "Texture2D"
        },
        {
          "PathID": 61,
          "Name": "BH",
          "Type": "Texture2D"
        },
        {
          "PathID": 62,
          "Name": "chainSaw0038",
          "Type": "Texture2D"
        },
        {
          "PathID": 63,
          "Name": "chainSaw0035",
          "Type": "Texture2D"
        },
        {
          "PathID": 64,
          "Name": "chainSaw0026",
          "Type": "Texture2D"
        },
        {
          "PathID": 65,
          "Name": "Sky",
          "Type": "Texture2D"
        },
        {
          "PathID": 66,
          "Name": "ChainBlade0017",
          "Type": "Texture2D"
        },
        {
          "PathID": 67,
          "Name": "chainSaw0018",
          "Type": "Texture2D"
        },
        {
          "PathID": 68,
          "Name": "ChainBlade0011",
          "Type": "Texture2D"
        },
        {
          "PathID": 69,
          "Name": "chainSaw0037",
          "Type": "Texture2D"
        },
        {
          "PathID": 70,
          "Name": "ChainBlade0034",
          "Type": "Texture2D"
        },
        {
          "PathID": 71,
          "Name": "ChainBlade0013",
          "Type": "Texture2D"
        },
        {
          "PathID": 72,
          "Name": "ChainBlade0038",
          "Type": "Texture2D"
        },
        {
          "PathID": 73,
          "Name": "ChainBlade0012",
          "Type": "Texture2D"
        },
        {
          "PathID": 74,
          "Name": "chainSaw0020",
          "Type": "Texture2D"
        },
        {
          "PathID": 75,
          "Name": "BM",
          "Type": "Texture2D"
        },
        {
          "PathID": 76,
          "Name": "chainSaw0017",
          "Type": "Texture2D"
        },
        {
          "PathID": 77,
          "Name": "ChainBlade0021",
          "Type": "Texture2D"
        },
        {
          "PathID": 78,
          "Name": "chainSaw0013",
          "Type": "Texture2D"
        },
        {
          "PathID": 79,
          "Name": "ChainBlade0026",
          "Type": "Texture2D"
        },
        {
          "PathID": 80,
          "Name": "ChainBlade0028",
          "Type": "Texture2D"
        },
        {
          "PathID": 81,
          "Name": "ChainBlade0002",
          "Type": "Texture2D"
        },
        {
          "PathID": 82,
          "Name": "chainSaw0034",
          "Type": "Texture2D"
        },
        {
          "PathID": 83,
          "Name": "ChainBlade0005",
          "Type": "Texture2D"
        },
        {
          "PathID": 84,
          "Name": "chainSaw0011",
          "Type": "Texture2D"
        },
        {
          "PathID": 85,
          "Name": "ChainBlade0032",
          "Type": "Texture2D"
        },
        {
          "PathID": 86,
          "Name": "ChainBlade0004",
          "Type": "Texture2D"
        },
        {
          "PathID": 87,
          "Name": "ChainBlade0020",
          "Type": "Texture2D"
        },
        {
          "PathID": 88,
          "Name": "chainSaw0039",
          "Type": "Texture2D"
        },
        {
          "PathID": 89,
          "Name": "chainSaw0016",
          "Type": "Texture2D"
        }
      ]
    },
    {
      "Name": "sharedassets1.assets",
      "Assets": [
        {
          "PathID": 2,
          "Name": "UISprite",
          "Type": "Texture2D"
        },
        {
          "PathID": 3,
          "Name": "Background",
          "Type": "Texture2D"
        },
        {
          "PathID": 4,
          "Name": "RotatingBridge0003",
          "Type": "Texture2D"
        },
        {
          "PathID": 5,
          "Name": "sky",
          "Type": "Texture2D"
        },
        {
          "PathID": 6,
          "Name": "RotatingBridge0015",
          "Type": "Texture2D"
        },
        {
          "PathID": 7,
          "Name": "RotatingBat0014",
          "Type": "Texture2D"
        },
        {
          "PathID": 8,
          "Name": "RotatingBridge0006",
          "Type": "Texture2D"
        },
        {
          "PathID": 9,
          "Name": "life4",
          "Type": "Texture2D"
        },
        {
          "PathID": 10,
          "Name": "RotatingBat0001",
          "Type": "Texture2D"
        },
        {
          "PathID": 11,
          "Name": "RotatingBat0009",
          "Type": "Texture2D"
        },
        {
          "PathID": 12,
          "Name": "RotatingBridge0014",
          "Type": "Texture2D"
        },
        {
          "PathID": 13,
          "Name": "RotatingBridge0013",
          "Type": "Texture2D"
        },
        {
          "PathID": 14,
          "Name": "RotatingBridge0011",
          "Type": "Texture2D"
        },
        {
          "PathID": 15,
          "Name": "life1",
          "Type": "Texture2D"
        },
        {
          "PathID": 16,
          "Name": "RotatingBat0024",
          "Type": "Texture2D"
        },
        {
          "PathID": 17,
          "Name": "RotatingBridge0004",
          "Type": "Texture2D"
        },
        {
          "PathID": 18,
          "Name": "RotatingBridge0018",
          "Type": "Texture2D"
        },
        {
          "PathID": 19,
          "Name": "RotatingBat0013",
          "Type": "Texture2D"
        },
        {
          "PathID": 20,
          "Name": "RotatingBridge0010",
          "Type": "Texture2D"
        },
        {
          "PathID": 21,
          "Name": "PLayer0006",
          "Type": "Texture2D"
        },
        {
          "PathID": 22,
          "Name": "RotatingBat0008",
          "Type": "Texture2D"
        },
        {
          "PathID": 23,
          "Name": "PLayer0007",
          "Type": "Texture2D"
        },
        {
          "PathID": 24,
          "Name": "PLayer0005",
          "Type": "Texture2D"
        },
        {
          "PathID": 25,
          "Name": "RotatingBridge0012",
          "Type": "Texture2D"
        },
        {
          "PathID": 26,
          "Name": "tree1",
          "Type": "Texture2D"
        },
        {
          "PathID": 27,
          "Name": "houseF",
          "Type": "Texture2D"
        },
        {
          "PathID": 28,
          "Name": "PLayer0002",
          "Type": "Texture2D"
        },
        {
          "PathID": 29,
          "Name": "RotatingBat0022",
          "Type": "Texture2D"
        },
        {
          "PathID": 30,
          "Name": "RotatingBat0018",
          "Type": "Texture2D"
        },
        {
          "PathID": 31,
          "Name": "grass platform",
          "Type": "Texture2D"
        },
        {
          "PathID": 32,
          "Name": "RotatingBat0019",
          "Type": "Texture2D"
        },
        {
          "PathID": 33,
          "Name": "PLayer0018",
          "Type": "Texture2D"
        },
        {
          "PathID": 34,
          "Name": "PLayer0004",
          "Type": "Texture2D"
        },
        {
          "PathID": 35,
          "Name": "RotatingBat0023",
          "Type": "Texture2D"
        },
        {
          "PathID": 36,
          "Name": "RotatingBridge0008",
          "Type": "Texture2D"
        },
        {
          "PathID": 37,
          "Name": "RotatingBat0017",
          "Type": "Texture2D"
        },
        {
          "PathID": 38,
          "Name": "life6",
          "Type": "Texture2D"
        },
        {
          "PathID": 39,
          "Name": "foge",
          "Type": "Texture2D"
        },
        {
          "PathID": 40,
          "Name": "RotatingBridge0020",
          "Type": "Texture2D"
        },
        {
          "PathID": 41,
          "Name": "RotatingBat0004",
          "Type": "Texture2D"
        },
        {
          "PathID": 42,
          "Name": "life9",
          "Type": "Texture2D"
        },
        {
          "PathID": 43,
          "Name": "PLayer0010",
          "Type": "Texture2D"
        },
        {
          "PathID": 44,
          "Name": "health_bar",
          "Type": "Texture2D"
        },
        {
          "PathID": 45,
          "Name": "PLayer0015",
          "Type": "Texture2D"
        },
        {
          "PathID": 46,
          "Name": "life8",
          "Type": "Texture2D"
        },
        {
          "PathID": 47,
          "Name": "PLayer0003",
          "Type": "Texture2D"
        },
        {
          "PathID": 48,
          "Name": "RotatingBat0016",
          "Type": "Texture2D"
        },
        {
          "PathID": 49,
          "Name": "PLayer0017",
          "Type": "Texture2D"
        },
        {
          "PathID": 50,
          "Name": "G2.1",
          "Type": "Texture2D"
        },
        {
          "PathID": 51,
          "Name": "Grass4",
          "Type": "Texture2D"
        },
        {
          "PathID": 52,
          "Name": "RotatingBridge0002",
          "Type": "Texture2D"
        },
        {
          "PathID": 53,
          "Name": "RotatingBat0025",
          "Type": "Texture2D"
        },
        {
          "PathID": 54,
          "Name": "Square",
          "Type": "Texture2D"
        },
        {
          "PathID": 55,
          "Name": "life7",
          "Type": "Texture2D"
        },
        {
          "PathID": 56,
          "Name": "RotatingBridge0009",
          "Type": "Texture2D"
        },
        {
          "PathID": 57,
          "Name": "RotatingBat0005",
          "Type": "Texture2D"
        },
        {
          "PathID": 58,
          "Name": "treenasscom",
          "Type": "Texture2D"
        },
        {
          "PathID": 59,
          "Name": "DTB",
          "Type": "Texture2D"
        },
        {
          "PathID": 60,
          "Name": "Square",
          "Type": "Texture2D"
        },
        {
          "PathID": 61,
          "Name": "PLayer0008",
          "Type": "Texture2D"
        },
        {
          "PathID": 62,
          "Name": "RotatingBridge0005",
          "Type": "Texture2D"
        },
        {
          "PathID": 63,
          "Name": "RotatingBat0002",
          "Type": "Texture2D"
        },
        {
          "PathID": 64,
          "Name": "PLayer0011",
          "Type": "Texture2D"
        },
        {
          "PathID": 65,
          "Name": "RotatingBat0021",
          "Type": "Texture2D"
        },
        {
          "PathID": 66,
          "Name": "mBG",
          "Type": "Texture2D"
        },
        {
          "PathID": 67,
          "Name": "RotatingBridge0016",
          "Type": "Texture2D"
        },
        {
          "PathID": 68,
          "Name": "path1",
          "Type": "Texture2D"
        },
        {
          "PathID": 69,
          "Name": "PLayer0019",
          "Type": "Texture2D"
        },
        {
          "PathID": 70,
          "Name": "PLayer0012",
          "Type": "Texture2D"
        },
        {
          "PathID": 71,
          "Name": "PLayer0020",
          "Type": "Texture2D"
        },
        {
          "PathID": 72,
          "Name": "foge2",
          "Type": "Texture2D"
        },
        {
          "PathID": 73,
          "Name": "PLayer0013",
          "Type": "Texture2D"
        },
        {
          "PathID": 74,
          "Name": "life5",
          "Type": "Texture2D"
        },
        {
          "PathID": 75,
          "Name": "house",
          "Type": "Texture2D"
        },
        {
          "PathID": 76,
          "Name": "RotatingBridge0017",
          "Type": "Texture2D"
        },
        {
          "PathID": 77,
          "Name": "RotatingBat0015",
          "Type": "Texture2D"
        },
        {
          "PathID": 78,
          "Name": "PLayer0009",
          "Type": "Texture2D"
        },
        {
          "PathID": 79,
          "Name": "platform",
          "Type": "Texture2D"
        },
        {
          "PathID": 80,
          "Name": "RotatingBat0026",
          "Type": "Texture2D"
        },
        {
          "PathID": 81,
          "Name": "grass2",
          "Type": "Texture2D"
        },
        {
          "PathID": 82,
          "Name": "RotatingBat0020",
          "Type": "Texture2D"
        },
        {
          "PathID": 83,
          "Name": "grass1",
          "Type": "Texture2D"
        },
        {
          "PathID": 84,
          "Name": "RotatingBridge0019",
          "Type": "Texture2D"
        },
        {
          "PathID": 85,
          "Name": "life3",
          "Type": "Texture2D"
        },
        {
          "PathID": 86,
          "Name": "RotatingBat0006",
          "Type": "Texture2D"
        },
        {
          "PathID": 87,
          "Name": "RotatingBat0010",
          "Type": "Texture2D"
        },
        {
          "PathID": 88,
          "Name": "Grass3",
          "Type": "Texture2D"
        },
        {
          "PathID": 89,
          "Name": "PLayer0016",
          "Type": "Texture2D"
        },
        {
          "PathID": 90,
          "Name": "life2",
          "Type": "Texture2D"
        },
        {
          "PathID": 91,
          "Name": "HT",
          "Type": "Texture2D"
        },
        {
          "PathID": 92,
          "Name": "RotatingBat0003",
          "Type": "Texture2D"
        },
        {
          "PathID": 93,
          "Name": "PLayer0001",
          "Type": "Texture2D"
        },
        {
          "PathID": 94,
          "Name": "RotatingBridge0007",
          "Type": "Texture2D"
        },
        {
          "PathID": 95,
          "Name": "RotatingBat0012",
          "Type": "Texture2D"
        },
        {
          "PathID": 96,
          "Name": "RotatingBat0007",
          "Type": "Texture2D"
        },
        {
          "PathID": 97,
          "Name": "PLayer0014",
          "Type": "Texture2D"
        },
        {
          "PathID": 98,
          "Name": "RotatingBridge0001",
          "Type": "Texture2D"
        },
        {
          "PathID": 99,
          "Name": "RotatingBat0011",
          "Type": "Texture2D"
        },
        {
          "PathID": 100,
          "Name": "Dt1",
          "Type": "Texture2D"
        },
        {
          "PathID": 107,
          "Name": "CollisionROX",
          "Type": "AudioClip"
        },
        {
          "PathID": 108,
          "Name": "PowerUp",
          "Type": "AudioClip"
        }
      ]
    },
    {
      "Name": "b6e42614562a56445ba4b5d90301f06f",
      "Assets": [
        {
          "PathID": 1,
          "Name": "UberSecondPass",
          "Type": "CGProgram"
        }
      ]
    },
    {
      "Name": "0a999e641c982a14d9c68dfd53a98afc",
      "Assets": [
        {
          "PathID": 1,
          "Name": "Tonemapping",
          "Type": "CGProgram"
        }
      ]
    },
    {
      "Name": "241b7a6a033e9dc4da9d2595cef7f477",
      "Assets": [
        {
          "PathID": 1,
          "Name": "TAA",
          "Type": "CGProgram"
        }
      ]
    },
    {
      "Name": "a92d6fdbe2c35f94190497c18b88f9af",
      "Assets": [
        {
          "PathID": 1,
          "Name": "ScreenSpaceRaytrace",
          "Type": "CGProgram"
        }
      ]
    },
    {
      "Name": "c83956915580e42489479d2a109470ab",
      "Assets": [
        {
          "PathID": 1,
          "Name": "MotionBlur",
          "Type": "CGProgram"
        }
      ]
    },
    {
      "Name": "613b4036a9f55c34fb054bde02455e46",
      "Assets": [
        {
          "PathID": 1,
          "Name": "FXAA3",
          "Type": "CGProgram"
        }
      ]
    },
    {
      "Name": "e213272ad8ff213409a6e13b5c26b4e4",
      "Assets": []
    },
    {
      "Name": "d2f406cad28afda489b94594fb3ce0af",
      "Assets": [
        {
          "PathID": 1,
          "Name": "EyeAdaptation",
          "Type": "CGProgram"
        }
      ]
    },
    {
      "Name": "faeb738b5a2c3ff43bd104dd5b1a275c",
      "Assets": [
        {
          "PathID": 1,
          "Name": "DiskKernels",
          "Type": "CGProgram"
        }
      ]
    },
    {
      "Name": "ddc2c19b8a216d748a357ffe32ba4dc1",
      "Assets": [
        {
          "PathID": 1,
          "Name": "DepthOfField",
          "Type": "CGProgram"
        }
      ]
    },
    {
      "Name": "eb88496804341c648b32a75843d92ccb",
      "Assets": [
        {
          "PathID": 1,
          "Name": "Common",
          "Type": "CGProgram"
        }
      ]
    },
    {
      "Name": "26a62c2e30be83547bdfa9fe837165e3",
      "Assets": [
        {
          "PathID": 1,
          "Name": "ColorGrading",
          "Type": "CGProgram"
        }
      ]
    },
    {
      "Name": "7d1f4dd94c8e6e940b0730076ea7d6d9",
      "Assets": [
        {
          "PathID": 1,
          "Name": "Bloom",
          "Type": "CGProgram"
        }
      ]
    },
    {
      "Name": "447591ee3d9d4204899be5fe25968ea0",
      "Assets": [
        {
          "PathID": 1,
          "Name": "AmbientOcclusion",
          "Type": "CGProgram"
        }
      ]
    },
    {
      "Name": "b8d56fc3449f426408c23c723b58d7b5",
      "Assets": [
        {
          "PathID": 1,
          "Name": "ACES",
          "Type": "CGProgram"
        }
      ]
    },
    {
      "Name": "48ffda675aa0afa4f9eec3a5d5487aeb",
      "Assets": [
        {
          "PathID": 1,
          "Name": "LICENSE",
          "Type": "TextAsset"
        }
      ]
    },
    {
      "Name": "71583cfd8899717428d5b1a95fa39cda",
      "Assets": [
        {
          "PathID": 1,
          "Name": "LDR_LLL1_9",
          "Type": "Texture2D"
        }
      ]
    },
    {
      "Name": "c55042318a938344ab23cd7f09dd0076",
      "Assets": [
        {
          "PathID": 1,
          "Name": "LDR_LLL1_8",
          "Type": "Texture2D"
        }
      ]
    },
    {
      "Name": "3ac02e7e783571c468f9c086d2384ba7",
      "Assets": [
        {
          "PathID": 1,
          "Name": "LDR_LLL1_7",
          "Type": "Texture2D"
        }
      ]
    },
    {
      "Name": "4a11d65ce13d5f542a0ff136cc2f3fba",
      "Assets": [
        {
          "PathID": 1,
          "Name": "LDR_LLL1_63",
          "Type": "Texture2D"
        }
      ]
    },
    {
      "Name": "a03c400b0e3959f428ee99dfc6cfc263",
      "Assets": [
        {
          "PathID": 1,
          "Name": "LDR_LLL1_62",
          "Type": "Texture2D"
        }
      ]
    },
    {
      "Name": "119591e0bb084e848835d237546b3882",
      "Assets": [
        {
          "PathID": 1,
          "Name": "LDR_LLL1_61",
          "Type": "Texture2D"
        }
      ]
    },
    {
      "Name": "404fa8def46b1c447817e1ebdaa7144e",
      "Assets": [
        {
          "PathID": 1,
          "Name": "LDR_LLL1_60",
          "Type": "Texture2D"
        }
      ]
    },
    {
      "Name": "79b86f3419b87f3429164a956da8cfab",
      "Assets": [
        {
          "PathID": 1,
          "Name": "LDR_LLL1_6",
          "Type": "Texture2D"
        }
      ]
    },
    {
      "Name": "d96974690c77f50489eb60ec84bd8dac",
      "Assets": [
        {
          "PathID": 1,
          "Name": "LDR_LLL1_59",
          "Type": "Texture2D"
        }
      ]
    },
    {
      "Name": "85a45a6d8b2ffb84987d2b028ecfb220",
      "Assets": [
        {
          "PathID": 1,
          "Name": "LDR_LLL1_58",
          "Type": "Texture2D"
        }
      ]
    },
    {
      "Name": "e138166e7a7c70f49943be7edda35d35",
      "Assets": [
        {
          "PathID": 1,
          "Name": "LDR_LLL1_57",
          "Type": "Texture2D"
        }
      ]
    },
    {
      "Name": "70f23eaf7d8ae9147aa542d20e93733b",
      "Assets": [
        {
          "PathID": 1,
          "Name": "LDR_LLL1_56",
          "Type": "Texture2D"
        }
      ]
    },
    {
      "Name": "5e542d0126a2c7848b66bffc428905fd",
      "Assets": [
        {
          "PathID": 1,
          "Name": "LDR_LLL1_55",
          "Type": "Texture2D"
        }
      ]
    },
    {
      "Name": "936dea238abb0864ab3985a995e16a29",
      "Assets": [
        {
          "PathID": 1,
          "Name": "LDR_LLL1_54",
          "Type": "Texture2D"
        }
      ]
    },
    {
      "Name": "c94b57b5a32a22d43ade66e09f6a4bd2",
      "Assets": [
        {
          "PathID": 1,
          "Name": "LDR_LLL1_53",
          "Type": "Texture2D"
        }
      ]
    },
    {
      "Name": "d2e8e90fac2e6a341a38e1c3963c218d",
      "Assets": [
        {
          "PathID": 1,
          "Name": "LDR_LLL1_52",
          "Type": "Texture2D"
        }
      ]
    },
    {
      "Name": "d5a51525b27e3ee4aadbeb39cbcf0750",
      "Assets": [
        {
          "PathID": 1,
          "Name": "LDR_LLL1_51",
          "Type": "Texture2D"
        }
      ]
    },
    {
      "Name": "d8c290e38ff0425409d0ae6a98c95e41",
      "Assets": [
        {
          "PathID": 1,
          "Name": "LDR_LLL1_50",
          "Type": "Texture2D"
        }
      ]
    },
    {
      "Name": "a1ae041906217ae44a774d4ca139af50",
      "Assets": [
        {
          "PathID": 1,
          "Name": "LDR_LLL1_5",
          "Type": "Texture2D"
        }
      ]
    },
    {
      "Name": "3f7c3687170b90e4a8d2ee6b142670f4",
      "Assets": [
        {
          "PathID": 1,
          "Name": "LDR_LLL1_49",
          "Type": "Texture2D"
        }
      ]
    },
    {
      "Name": "aff59c63d25d43f4c938f248837c30fb",
      "Assets": [
        {
          "PathID": 1,
          "Name": "LDR_LLL1_48",
          "Type": "Texture2D"
        }
      ]
    },
    {
      "Name": "1378a33cdd085d64c9da863d2484ff21",
      "Assets": [
        {
          "PathID": 1,
          "Name": "LDR_LLL1_47",
          "Type": "Texture2D"
        }
      ]
    },
    {
      "Name": "8ecbbcae4cc747a4abbc4adce795d25e",
      "Assets": [
        {
          "PathID": 1,
          "Name": "LDR_LLL1_46",
          "Type": "Texture2D"
        }
      ]
    },
    {
      "Name": "b9960364038cbfa4aa49d7b2032d3110",
      "Assets": [
        {
          "PathID": 1,
          "Name": "LDR_LLL1_45",
          "Type": "Texture2D"
        }
      ]
    },
    {
      "Name": "15e54aa23a938444389469d53765d741",
      "Assets": [
        {
          "PathID": 1,
          "Name": "LDR_LLL1_44",
          "Type": "Texture2D"
        }
      ]
    },
    {
      "Name": "71bc1b6b66e8b784b972199b7e90204e",
      "Assets": [
        {
          "PathID": 1,
          "Name": "LDR_LLL1_43",
          "Type": "Texture2D"
        }
      ]
    },
    {
      "Name": "b266511438fae724f9d3ce6bd26583e8",
      "Assets": [
        {
          "PathID": 1,
          "Name": "LDR_LLL1_42",
          "Type": "Texture2D"
        }
      ]
    },
    {
      "Name": "cd9006dc442cc244e89b3f492384d46a",
      "Assets": [
        {
          "PathID": 1,
          "Name": "LDR_LLL1_41",
          "Type": "Texture2D"
        }
      ]
    },
    {
      "Name": "1a9ce5640cde5934aae0022f020464a6",
      "Assets": [
        {
          "PathID": 1,
          "Name": "LDR_LLL1_40",
          "Type": "Texture2D"
        }
      ]
    },
    {
      "Name": "6fa5cf178eaaa5f42b820f636bb6e0bd",
      "Assets": [
        {
          "PathID": 1,
          "Name": "LDR_LLL1_4",
          "Type": "Texture2D"
        }
      ]
    },
    {
      "Name": "547dbd5f858c74047ba3f213e4408307",
      "Assets": [
        {
          "PathID": 1,
          "Name": "LDR_LLL1_39",
          "Type": "Texture2D"
        }
      ]
    },
    {
      "Name": "9660a4ca1ca8425408ac25c641932977",
      "Assets": [
        {
          "PathID": 1,
          "Name": "LDR_LLL1_38",
          "Type": "Texture2D"
        }
      ]
    },
    {
      "Name": "1d6958e30e40a254dbe5a54c573eeb3c",
      "Assets": [
        {
          "PathID": 1,
          "Name": "LDR_LLL1_37",
          "Type": "Texture2D"
        }
      ]
    },
    {
      "Name": "351e95d0e20a54849bd4ce5f9b498934",
      "Assets": [
        {
          "PathID": 1,
          "Name": "LDR_LLL1_36",
          "Type": "Texture2D"
        }
      ]
    },
    {
      "Name": "0a79c155edf9b2d429d4736abee5acdb",
      "Assets": [
        {
          "PathID": 1,
          "Name": "LDR_LLL1_35",
          "Type": "Texture2D"
        }
      ]
    },
    {
      "Name": "319b8e66db3faa4438cf6982e9c89b2f",
      "Assets": [
        {
          "PathID": 1,
          "Name": "LDR_LLL1_34",
          "Type": "Texture2D"
        }
      ]
    },
    {
      "Name": "b71bb466b71fd13449dd736f63caeb67",
      "Assets": [
        {
          "PathID": 1,
          "Name": "LDR_LLL1_33",
          "Type": "Texture2D"
        }
      ]
    },
    {
      "Name": "87a5e40cc271ea648b583616f6ebe7fe",
      "Assets": [
        {
          "PathID": 1,
          "Name": "LDR_LLL1_32",
          "Type": "Texture2D"
        }
      ]
    },
    {
      "Name": "6b0a189df0bd4d5448eaefb4e673ace8",
      "Assets": [
        {
          "PathID": 1,
          "Name": "LDR_LLL1_31",
          "Type": "Texture2D"
        }
      ]
    },
    {
      "Name": "0fa10b21877c61b4db40ba5708815f81",
      "Assets": [
        {
          "PathID": 1,
          "Name": "LDR_LLL1_30",
          "Type": "Texture2D"
        }
      ]
    },
    {
      "Name": "373f9bf6b0841af4ebf26d25e4a3f4e2",
      "Assets": [
        {
          "PathID": 1,
          "Name": "LDR_LLL1_3",
          "Type": "Texture2D"
        }
      ]
    },
    {
      "Name": "aa80dc44aa4fe4c43bb9d51d90cf2958",
      "Assets": [
        {
          "PathID": 1,
          "Name": "LDR_LLL1_29",
          "Type": "Texture2D"
        }
      ]
    },
    {
      "Name": "02c0a84bd64c6f044954d8bde9b46ec8",
      "Assets": [
        {
          "PathID": 1,
          "Name": "LDR_LLL1_28",
          "Type": "Texture2D"
        }
      ]
    },
    {
      "Name": "bdd06fb88ef36ed4a85dd506352c2d80",
      "Assets": [
        {
          "PathID": 1,
          "Name": "LDR_LLL1_27",
          "Type": "Texture2D"
        }
      ]
    },
    {
      "Name": "09f6c01f98a3ded4daf1afc52a3c260f",
      "Assets": [
        {
          "PathID": 1,
          "Name": "LDR_LLL1_26",
          "Type": "Texture2D"
        }
      ]
    },
    {
      "Name": "f4b8ab78b57749d4e96d36f6d8a395d0",
      "Assets": [
        {
          "PathID": 1,
          "Name": "LDR_LLL1_25",
          "Type": "Texture2D"
        }
      ]
    },
    {
      "Name": "32c6a5f7143b86c44bd5cdee2ff3f8ad",
      "Assets": [
        {
          "PathID": 1,
          "Name": "LDR_LLL1_24",
          "Type": "Texture2D"
        }
      ]
    },
    {
      "Name": "bfe953600e8fb1849a804ee08ace7b4c",
      "Assets": [
        {
          "PathID": 1,
          "Name": "LDR_LLL1_23",
          "Type": "Texture2D"
        }
      ]
    },
    {
      "Name": "df01d03f056c6f445b4b8a0ae054207c",
      "Assets": [
        {
          "PathID": 1,
          "Name": "LDR_LLL1_22",
          "Type": "Texture2D"
        }
      ]
    },
    {
      "Name": "b7f000750830ddb4bbc80065b9314ce9",
      "Assets": [
        {
          "PathID": 1,
          "Name": "LDR_LLL1_21",
          "Type": "Texture2D"
        }
      ]
    },
    {
      "Name": "6dda07f1420a968449cf4c6620c44d9f",
      "Assets": [
        {
          "PathID": 1,
          "Name": "LDR_LLL1_20",
          "Type": "Texture2D"
        }
      ]
    },
    {
      "Name": "a469f920b21fc7c4fb5b950917ce2fb2",
      "Assets": [
        {
          "PathID": 1,
          "Name": "LDR_LLL1_2",
          "Type": "Texture2D"
        }
      ]
    },
    {
      "Name": "729a3ae164bcb3b4380459386adcf331",
      "Assets": [
        {
          "PathID": 1,
          "Name": "LDR_LLL1_19",
          "Type": "Texture2D"
        }
      ]
    },
    {
      "Name": "74aca53eb7273624baffc2bf5e5cc173",
      "Assets": [
        {
          "PathID": 1,
          "Name": "LDR_LLL1_18",
          "Type": "Texture2D"
        }
      ]
    },
    {
      "Name": "bf95b6fdc179b0e4f890c841406193fc",
      "Assets": [
        {
          "PathID": 1,
          "Name": "LDR_LLL1_17",
          "Type": "Texture2D"
        }
      ]
    },
    {
      "Name": "153f7d6dfbe713d4884df0f1e243ba92",
      "Assets": [
        {
          "PathID": 1,
          "Name": "LDR_LLL1_16",
          "Type": "Texture2D"
        }
      ]
    },
    {
      "Name": "2ee161d8945169243b5698fec114e1b7",
      "Assets": [
        {
          "PathID": 1,
          "Name": "LDR_LLL1_15",
          "Type": "Texture2D"
        }
      ]
    },
    {
      "Name": "f6439b54b28f3884eb67579dec0b6f21",
      "Assets": [
        {
          "PathID": 1,
          "Name": "LDR_LLL1_14",
          "Type": "Texture2D"
        }
      ]
    },
    {
      "Name": "68613e6a221be1a4b9f31d7fa1c2d1bf",
      "Assets": [
        {
          "PathID": 1,
          "Name": "LDR_LLL1_13",
          "Type": "Texture2D"
        }
      ]
    },
    {
      "Name": "980acadb960f8424c94307ec0e585b4e",
      "Assets": [
        {
          "PathID": 1,
          "Name": "LDR_LLL1_12",
          "Type": "Texture2D"
        }
      ]
    },
    {
      "Name": "771903fe7b4674445829e52e91cff019",
      "Assets": [
        {
          "PathID": 1,
          "Name": "LDR_LLL1_11",
          "Type": "Texture2D"
        }
      ]
    },
    {
      "Name": "afe1e502240079342a0a980484b6da8b",
      "Assets": [
        {
          "PathID": 1,
          "Name": "LDR_LLL1_10",
          "Type": "Texture2D"
        }
      ]
    },
    {
      "Name": "3c2f1fb7e4b66e74191b7c328ada52d9",
      "Assets": [
        {
          "PathID": 1,
          "Name": "LDR_LLL1_1",
          "Type": "Texture2D"
        }
      ]
    },
    {
      "Name": "50b54341495978843a6f85583ed4417d",
      "Assets": [
        {
          "PathID": 1,
          "Name": "LDR_LLL1_0",
          "Type": "Texture2D"
        }
      ]
    },
    {
      "Name": "fa3fc398fe396744c9299e70b63bfdd7",
      "Assets": [
        {
          "PathID": 1,
          "Name": "COPYING",
          "Type": "TextAsset"
        }
      ]
    },
    {
      "Name": "globalgamemanagers.assets",
      "Assets": [
        {
          "PathID": 3,
          "Name": "AudioTrack",
          "Type": "MonoScript"
        },
        {
          "PathID": 4,
          "Name": "AudioTrack",
          "Type": "MonoScript"
        },
        {
          "PathID": 5,
          "Name": "GridLayoutGroup",
          "Type": "MonoScript"
        },
        {
          "PathID": 6,
          "Name": "GridLayoutGroup",
          "Type": "MonoScript"
        },
        {
          "PathID": 7,
          "Name": "Scrollbar",
          "Type": "MonoScript"
        },
        {
          "PathID": 8,
          "Name": "Scrollbar",
          "Type": "MonoScript"
        },
        {
          "PathID": 9,
          "Name": "AudioPlayableAsset",
          "Type": "MonoScript"
        },
        {
          "PathID": 10,
          "Name": "AudioPlayableAsset",
          "Type": "MonoScript"
        },
        {
          "PathID": 11,
          "Name": "EventTrigger",
          "Type": "MonoScript"
        },
        {
          "PathID": 12,
          "Name": "EventTrigger",
          "Type": "MonoScript"
        },
        {
          "PathID": 13,
          "Name": "BaseInputModule",
          "Type": "MonoScript"
        },
        {
          "PathID": 14,
          "Name": "BaseInputModule",
          "Type": "MonoScript"
        },
        {
          "PathID": 15,
          "Name": "NetworkTransform",
          "Type": "MonoScript"
        },
        {
          "PathID": 16,
          "Name": "NetworkTransform",
          "Type": "MonoScript"
        },
        {
          "PathID": 17,
          "Name": "NetworkTransform",
          "Type": "MonoScript"
        },
        {
          "PathID": 18,
          "Name": "PlaymodeTestsController",
          "Type": "MonoScript"
        },
        {
          "PathID": 19,
          "Name": "Physics2DRaycaster",
          "Type": "MonoScript"
        },
        {
          "PathID": 20,
          "Name": "Physics2DRaycaster",
          "Type": "MonoScript"
        },
        {
          "PathID": 21,
          "Name": "ControlPlayableAsset",
          "Type": "MonoScript"
        },
        {
          "PathID": 22,
          "Name": "ControlPlayableAsset",
          "Type": "MonoScript"
        },
        {
          "PathID": 23,
          "Name": "NetworkDiscovery",
          "Type": "MonoScript"
        },
        {
          "PathID": 24,
          "Name": "NetworkDiscovery",
          "Type": "MonoScript"
        },
        {
          "PathID": 25,
          "Name": "NetworkDiscovery",
          "Type": "MonoScript"
        },
        {
          "PathID": 26,
          "Name": "GroupTrack",
          "Type": "MonoScript"
        },
        {
          "PathID": 27,
          "Name": "GroupTrack",
          "Type": "MonoScript"
        },
        {
          "PathID": 28,
          "Name": "MaskableGraphic",
          "Type": "MonoScript"
        },
        {
          "PathID": 29,
          "Name": "MaskableGraphic",
          "Type": "MonoScript"
        },
        {
          "PathID": 30,
          "Name": "GvrAudioSoundfieldExtension",
          "Type": "MonoScript"
        },
        {
          "PathID": 31,
          "Name": "GvrAudioSoundfieldExtension",
          "Type": "MonoScript"
        },
        {
          "PathID": 32,
          "Name": "BaseRaycaster",
          "Type": "MonoScript"
        },
        {
          "PathID": 33,
          "Name": "BaseRaycaster",
          "Type": "MonoScript"
        },
        {
          "PathID": 34,
          "Name": "NetworkBehaviour",
          "Type": "MonoScript"
        },
        {
          "PathID": 35,
          "Name": "NetworkBehaviour",
          "Type": "MonoScript"
        },
        {
          "PathID": 36,
          "Name": "NetworkBehaviour",
          "Type": "MonoScript"
        },
        {
          "PathID": 37,
          "Name": "NetworkTransformChild",
          "Type": "MonoScript"
        },
        {
          "PathID": 38,
          "Name": "NetworkTransformChild",
          "Type": "MonoScript"
        },
        {
          "PathID": 39,
          "Name": "NetworkTransformChild",
          "Type": "MonoScript"
        },
        {
          "PathID": 40,
          "Name": "TrackAsset",
          "Type": "MonoScript"
        },
        {
          "PathID": 41,
          "Name": "TrackAsset",
          "Type": "MonoScript"
        },
        {
          "PathID": 42,
          "Name": "AspectRatioFitter",
          "Type": "MonoScript"
        },
        {
          "PathID": 43,
          "Name": "AspectRatioFitter",
          "Type": "MonoScript"
        },
        {
          "PathID": 44,
          "Name": "PointerInputModule",
          "Type": "MonoScript"
        },
        {
          "PathID": 45,
          "Name": "PointerInputModule",
          "Type": "MonoScript"
        },
        {
          "PathID": 46,
          "Name": "Mask",
          "Type": "MonoScript"
        },
        {
          "PathID": 47,
          "Name": "Mask",
          "Type": "MonoScript"
        },
        {
          "PathID": 48,
          "Name": "ToggleGroup",
          "Type": "MonoScript"
        },
        {
          "PathID": 49,
          "Name": "ToggleGroup",
          "Type": "MonoScript"
        },
        {
          "PathID": 50,
          "Name": "ControlTrack",
          "Type": "MonoScript"
        },
        {
          "PathID": 51,
          "Name": "ControlTrack",
          "Type": "MonoScript"
        },
        {
          "PathID": 52,
          "Name": "NetworkStartPosition",
          "Type": "MonoScript"
        },
        {
          "PathID": 53,
          "Name": "NetworkStartPosition",
          "Type": "MonoScript"
        },
        {
          "PathID": 54,
          "Name": "NetworkStartPosition",
          "Type": "MonoScript"
        },
        {
          "PathID": 55,
          "Name": "RemoteTestResultSender",
          "Type": "MonoScript"
        },
        {
          "PathID": 56,
          "Name": "Outline",
          "Type": "MonoScript"
        },
        {
          "PathID": 57,
          "Name": "Outline",
          "Type": "MonoScript"
        },
        {
          "PathID": 58,
          "Name": "GvrAudioSourceExtension",
          "Type": "MonoScript"
        },
        {
          "PathID": 59,
          "Name": "GvrAudioSourceExtension",
          "Type": "MonoScript"
        },
        {
          "PathID": 60,
          "Name": "NetworkLobbyManager",
          "Type": "MonoScript"
        },
        {
          "PathID": 61,
          "Name": "NetworkLobbyManager",
          "Type": "MonoScript"
        },
        {
          "PathID": 62,
          "Name": "NetworkLobbyManager",
          "Type": "MonoScript"
        },
        {
          "PathID": 63,
          "Name": "GvrAudioRoom",
          "Type": "MonoScript"
        },
        {
          "PathID": 64,
          "Name": "GvrAudioRoom",
          "Type": "MonoScript"
        },
        {
          "PathID": 65,
          "Name": "NetworkTransformVisualizer",
          "Type": "MonoScript"
        },
        {
          "PathID": 66,
          "Name": "NetworkTransformVisualizer",
          "Type": "MonoScript"
        },
        {
          "PathID": 67,
          "Name": "NetworkTransformVisualizer",
          "Type": "MonoScript"
        },
        {
          "PathID": 68,
          "Name": "NetworkManager",
          "Type": "MonoScript"
        },
        {
          "PathID": 69,
          "Name": "NetworkManager",
          "Type": "MonoScript"
        },
        {
          "PathID": 70,
          "Name": "NetworkManager",
          "Type": "MonoScript"
        },
        {
          "PathID": 71,
          "Name": "TestResultRendererCallback",
          "Type": "MonoScript"
        },
        {
          "PathID": 72,
          "Name": "PhysicsRaycaster",
          "Type": "MonoScript"
        },
        {
          "PathID": 73,
          "Name": "PhysicsRaycaster",
          "Type": "MonoScript"
        },
        {
          "PathID": 74,
          "Name": "Image",
          "Type": "MonoScript"
        },
        {
          "PathID": 75,
          "Name": "Image",
          "Type": "MonoScript"
        },
        {
          "PathID": 76,
          "Name": "AnalyticsEventTracker",
          "Type": "MonoScript"
        },
        {
          "PathID": 77,
          "Name": "BasePoseProvider",
          "Type": "MonoScript"
        },
        {
          "PathID": 78,
          "Name": "BasePoseProvider",
          "Type": "MonoScript"
        },
        {
          "PathID": 79,
          "Name": "BasicPlayableBehaviour",
          "Type": "MonoScript"
        },
        {
          "PathID": 80,
          "Name": "BasicPlayableBehaviour",
          "Type": "MonoScript"
        },
        {
          "PathID": 81,
          "Name": "EventSystem",
          "Type": "MonoScript"
        },
        {
          "PathID": 82,
          "Name": "EventSystem",
          "Type": "MonoScript"
        },
        {
          "PathID": 83,
          "Name": "LayoutGroup",
          "Type": "MonoScript"
        },
        {
          "PathID": 84,
          "Name": "LayoutGroup",
          "Type": "MonoScript"
        },
        {
          "PathID": 85,
          "Name": "EnumerableSetUpTearDownCommandState",
          "Type": "MonoScript"
        },
        {
          "PathID": 86,
          "Name": "HorizontalLayoutGroup",
          "Type": "MonoScript"
        },
        {
          "PathID": 87,
          "Name": "HorizontalLayoutGroup",
          "Type": "MonoScript"
        },
        {
          "PathID": 88,
          "Name": "Selectable",
          "Type": "MonoScript"
        },
        {
          "PathID": 89,
          "Name": "Selectable",
          "Type": "MonoScript"
        },
        {
          "PathID": 90,
          "Name": "RectMask2D",
          "Type": "MonoScript"
        },
        {
          "PathID": 91,
          "Name": "RectMask2D",
          "Type": "MonoScript"
        },
        {
          "PathID": 92,
          "Name": "Slider",
          "Type": "MonoScript"
        },
        {
          "PathID": 93,
          "Name": "Slider",
          "Type": "MonoScript"
        },
        {
          "PathID": 94,
          "Name": "RawImage",
          "Type": "MonoScript"
        },
        {
          "PathID": 95,
          "Name": "RawImage",
          "Type": "MonoScript"
        },
        {
          "PathID": 96,
          "Name": "CinemachineImpulseListener",
          "Type": "MonoScript"
        },
        {
          "PathID": 97,
          "Name": "VJHandler",
          "Type": "MonoScript"
        },
        {
          "PathID": 98,
          "Name": "TMP_SubMeshUI",
          "Type": "MonoScript"
        },
        {
          "PathID": 99,
          "Name": "CinemachineTrack",
          "Type": "MonoScript"
        },
        {
          "PathID": 100,
          "Name": "TMP_SubMesh",
          "Type": "MonoScript"
        },
        {
          "PathID": 101,
          "Name": "obstracle",
          "Type": "MonoScript"
        },
        {
          "PathID": 102,
          "Name": "CinemachineGroupComposer",
          "Type": "MonoScript"
        },
        {
          "PathID": 103,
          "Name": "JsonSerialization",
          "Type": "MonoScript"
        },
        {
          "PathID": 104,
          "Name": "CinemachineDebug",
          "Type": "MonoScript"
        },
        {
          "PathID": 105,
          "Name": "MaterialReferenceManager",
          "Type": "MonoScript"
        },
        {
          "PathID": 106,
          "Name": "CinemachineVirtualCameraBase",
          "Type": "MonoScript"
        },
        {
          "PathID": 107,
          "Name": "CinemachineImpulseSource",
          "Type": "MonoScript"
        },
        {
          "PathID": 108,
          "Name": "levelselect",
          "Type": "MonoScript"
        },
        {
          "PathID": 109,
          "Name": "ColorGradingCurve",
          "Type": "MonoScript"
        },
        {
          "PathID": 110,
          "Name": "FogModel",
          "Type": "MonoScript"
        },
        {
          "PathID": 111,
          "Name": "CinemachineHardLookAt",
          "Type": "MonoScript"
        },
        {
          "PathID": 112,
          "Name": "LevelSelection1",
          "Type": "MonoScript"
        },
        {
          "PathID": 113,
          "Name": "TMP_XmlTagStack",
          "Type": "MonoScript"
        },
        {
          "PathID": 114,
          "Name": "DepthOfFieldModel",
          "Type": "MonoScript"
        },
        {
          "PathID": 115,
          "Name": "ICinemachineCamera",
          "Type": "MonoScript"
        },
        {
          "PathID": 116,
          "Name": "TMP_Settings",
          "Type": "MonoScript"
        },
        {
          "PathID": 117,
          "Name": "TMP_ListPool",
          "Type": "MonoScript"
        },
        {
          "PathID": 118,
          "Name": "PostProcessingModel",
          "Type": "MonoScript"
        },
        {
          "PathID": 119,
          "Name": "CinemachineTouchInputMapper",
          "Type": "MonoScript"
        },
        {
          "PathID": 120,
          "Name": "CinemachinePropertyAttribute",
          "Type": "MonoScript"
        },
        {
          "PathID": 121,
          "Name": "CinemachinePath",
          "Type": "MonoScript"
        },
        {
          "PathID": 122,
          "Name": "TMP_InputField",
          "Type": "MonoScript"
        },
        {
          "PathID": 123,
          "Name": "player",
          "Type": "MonoScript"
        },
        {
          "PathID": 124,
          "Name": "TMPro_UGUI_Private",
          "Type": "MonoScript"
        },
        {
          "PathID": 125,
          "Name": "TMP_Style",
          "Type": "MonoScript"
        },
        {
          "PathID": 126,
          "Name": "CinemachineFreeLook",
          "Type": "MonoScript"
        },
        {
          "PathID": 127,
          "Name": "TMP_DefaultControls",
          "Type": "MonoScript"
        },
        {
          "PathID": 128,
          "Name": "CinemachineStateDrivenCamera",
          "Type": "MonoScript"
        },
        {
          "PathID": 129,
          "Name": "TextContainer",
          "Type": "MonoScript"
        },
        {
          "PathID": 130,
          "Name": "BuiltinDebugViewsModel",
          "Type": "MonoScript"
        },
        {
          "PathID": 131,
          "Name": "TMP_ScrollbarEventHandler",
          "Type": "MonoScript"
        },
        {
          "PathID": 132,
          "Name": "DitheringComponent",
          "Type": "MonoScript"
        },
        {
          "PathID": 133,
          "Name": "CinemachineBlenderSettings",
          "Type": "MonoScript"
        },
        {
          "PathID": 134,
          "Name": "CinemachineHardLockToTarget",
          "Type": "MonoScript"
        },
        {
          "PathID": 135,
          "Name": "VignetteComponent",
          "Type": "MonoScript"
        },
        {
          "PathID": 136,
          "Name": "DeletePlayerPrefs",
          "Type": "MonoScript"
        },
        {
          "PathID": 137,
          "Name": "UserLutModel",
          "Type": "MonoScript"
        },
        {
          "PathID": 138,
          "Name": "TMP_Asset",
          "Type": "MonoScript"
        },
        {
          "PathID": 139,
          "Name": "CinemachinePOV",
          "Type": "MonoScript"
        },
        {
          "PathID": 140,
          "Name": "CinemachineBlend",
          "Type": "MonoScript"
        },
        {
          "PathID": 141,
          "Name": "DitheringModel",
          "Type": "MonoScript"
        },
        {
          "PathID": 142,
          "Name": "CinemachineTrackedDolly",
          "Type": "MonoScript"
        },
        {
          "PathID": 143,
          "Name": "UpdateTracker",
          "Type": "MonoScript"
        },
        {
          "PathID": 144,
          "Name": "obs",
          "Type": "MonoScript"
        },
        {
          "PathID": 145,
          "Name": "Monster",
          "Type": "MonoScript"
        },
        {
          "PathID": 146,
          "Name": "CinemachineCameraOffset",
          "Type": "MonoScript"
        },
        {
          "PathID": 147,
          "Name": "CinemachineVirtualCamera",
          "Type": "MonoScript"
        },
        {
          "PathID": 148,
          "Name": "CinemachineFollowZoom",
          "Type": "MonoScript"
        },
        {
          "PathID": 149,
          "Name": "TMP_TextInfo",
          "Type": "MonoScript"
        },
        {
          "PathID": 150,
          "Name": "TMP_TextUtilities",
          "Type": "MonoScript"
        },
        {
          "PathID": 151,
          "Name": "CinemachineExtension",
          "Type": "MonoScript"
        },
        {
          "PathID": 152,
          "Name": "TMP_Text",
          "Type": "MonoScript"
        },
        {
          "PathID": 153,
          "Name": "CinemachineBlendListCamera",
          "Type": "MonoScript"
        },
        {
          "PathID": 154,
          "Name": "TMP_ColorGradient",
          "Type": "MonoScript"
        },
        {
          "PathID": 155,
          "Name": "AxisState",
          "Type": "MonoScript"
        },
        {
          "PathID": 156,
          "Name": "AmbientOcclusionModel",
          "Type": "MonoScript"
        },
        {
          "PathID": 157,
          "Name": "SenceManager",
          "Type": "MonoScript"
        },
        {
          "PathID": 158,
          "Name": "CinemachineExternalCamera",
          "Type": "MonoScript"
        },
        {
          "PathID": 159,
          "Name": "LensSettings",
          "Type": "MonoScript"
        },
        {
          "PathID": 160,
          "Name": "MaterialFactory",
          "Type": "MonoScript"
        },
        {
          "PathID": 161,
          "Name": "HEALTHBAR",
          "Type": "MonoScript"
        },
        {
          "PathID": 162,
          "Name": "movingobstracle",
          "Type": "MonoScript"
        },
        {
          "PathID": 163,
          "Name": "TMP_Compatibility",
          "Type": "MonoScript"
        },
        {
          "PathID": 164,
          "Name": "TMP_SpriteAnimator",
          "Type": "MonoScript"
        },
        {
          "PathID": 165,
          "Name": "UserLutComponent",
          "Type": "MonoScript"
        },
        {
          "PathID": 166,
          "Name": "PostProcessingContext",
          "Type": "MonoScript"
        },
        {
          "PathID": 167,
          "Name": "TMP_CoroutineTween",
          "Type": "MonoScript"
        },
        {
          "PathID": 168,
          "Name": "TrackballAttribute",
          "Type": "MonoScript"
        },
        {
          "PathID": 169,
          "Name": "GaussianFilter",
          "Type": "MonoScript"
        },
        {
          "PathID": 170,
          "Name": "CinemachineBasicMultiChannelPerlin",
          "Type": "MonoScript"
        },
        {
          "PathID": 171,
          "Name": "TMP_UpdateManager",
          "Type": "MonoScript"
        },
        {
          "PathID": 172,
          "Name": "UnityVectorExtensions",
          "Type": "MonoScript"
        },
        {
          "PathID": 173,
          "Name": "CinemachineFramingTransposer",
          "Type": "MonoScript"
        },
        {
          "PathID": 174,
          "Name": "CinemachineMixingCamera",
          "Type": "MonoScript"
        },
        {
          "PathID": 175,
          "Name": "Predictor",
          "Type": "MonoScript"
        },
        {
          "PathID": 176,
          "Name": "CinemachineInputAxisDriver",
          "Type": "MonoScript"
        },
        {
          "PathID": 177,
          "Name": "TMP_MaterialManager",
          "Type": "MonoScript"
        },
        {
          "PathID": 178,
          "Name": "GrainComponent",
          "Type": "MonoScript"
        },
        {
          "PathID": 179,
          "Name": "TMP_FontAsset",
          "Type": "MonoScript"
        },
        {
          "PathID": 180,
          "Name": "CinemachineBrain",
          "Type": "MonoScript"
        },
        {
          "PathID": 181,
          "Name": "TMPro_ExtensionMethods",
          "Type": "MonoScript"
        },
        {
          "PathID": 182,
          "Name": "TMP_InputValidator",
          "Type": "MonoScript"
        },
        {
          "PathID": 183,
          "Name": "AssemblyInfo",
          "Type": "MonoScript"
        },
        {
          "PathID": 184,
          "Name": "TMP_Dropdown",
          "Type": "MonoScript"
        },
        {
          "PathID": 185,
          "Name": "GameManager",
          "Type": "MonoScript"
        },
        {
          "PathID": 186,
          "Name": "CinemachineImpulseDefinition",
          "Type": "MonoScript"
        },
        {
          "PathID": 187,
          "Name": "CinemachineStoryboard",
          "Type": "MonoScript"
        },
        {
          "PathID": 188,
          "Name": "ExampleWheelController",
          "Type": "MonoScript"
        },
        {
          "PathID": 189,
          "Name": "Restart",
          "Type": "MonoScript"
        },
        {
          "PathID": 190,
          "Name": "TMP_SpriteAsset",
          "Type": "MonoScript"
        },
        {
          "PathID": 191,
          "Name": "FastAction",
          "Type": "MonoScript"
        },
        {
          "PathID": 192,
          "Name": "TMP_TextElement",
          "Type": "MonoScript"
        },
        {
          "PathID": 193,
          "Name": "PostProcessingProfile",
          "Type": "MonoScript"
        },
        {
          "PathID": 194,
          "Name": "ChromaticAberrationModel",
          "Type": "MonoScript"
        },
        {
          "PathID": 195,
          "Name": "RuntimeExampleTest",
          "Type": "MonoScript"
        },
        {
          "PathID": 196,
          "Name": "TMPro_Private",
          "Type": "MonoScript"
        },
        {
          "PathID": 197,
          "Name": "levelselection",
          "Type": "MonoScript"
        },
        {
          "PathID": 198,
          "Name": "CinemachineShot",
          "Type": "MonoScript"
        },
        {
          "PathID": 199,
          "Name": "CinemachineOrbitalTransposer",
          "Type": "MonoScript"
        },
        {
          "PathID": 200,
          "Name": "TextMeshPro",
          "Type": "MonoScript"
        },
        {
          "PathID": 201,
          "Name": "CinemachineMixer",
          "Type": "MonoScript"
        },
        {
          "PathID": 202,
          "Name": "TMP_Sprite",
          "Type": "MonoScript"
        },
        {
          "PathID": 203,
          "Name": "PLayerParticale",
          "Type": "MonoScript"
        },
        {
          "PathID": 204,
          "Name": "TMPro_EventManager",
          "Type": "MonoScript"
        },
        {
          "PathID": 205,
          "Name": "CinemachineDollyCart",
          "Type": "MonoScript"
        },
        {
          "PathID": 206,
          "Name": "ICinemachineComponent",
          "Type": "MonoScript"
        },
        {
          "PathID": 207,
          "Name": "MotionBlurComponent",
          "Type": "MonoScript"
        },
        {
          "PathID": 208,
          "Name": "MinAttribute",
          "Type": "MonoScript"
        },
        {
          "PathID": 209,
          "Name": "ColorGradingComponent",
          "Type": "MonoScript"
        },
        {
          "PathID": 210,
          "Name": "TMP_RuntimeTests",
          "Type": "MonoScript"
        },
        {
          "PathID": 211,
          "Name": "CinemachineSmoothPath",
          "Type": "MonoScript"
        },
        {
          "PathID": 212,
          "Name": "CinemachineConfiner",
          "Type": "MonoScript"
        },
        {
          "PathID": 213,
          "Name": "CinemachineSameAsFollowTarget",
          "Type": "MonoScript"
        },
        {
          "PathID": 214,
          "Name": "TMP_UpdateRegistery",
          "Type": "MonoScript"
        },
        {
          "PathID": 215,
          "Name": "CinemachineFixedSignal",
          "Type": "MonoScript"
        },
        {
          "PathID": 216,
          "Name": "DataPrivacyButton",
          "Type": "MonoScript"
        },
        {
          "PathID": 217,
          "Name": "life",
          "Type": "MonoScript"
        },
        {
          "PathID": 218,
          "Name": "CinemachinePathBase",
          "Type": "MonoScript"
        },
        {
          "PathID": 219,
          "Name": "TrackballGroupAttribute",
          "Type": "MonoScript"
        },
        {
          "PathID": 220,
          "Name": "TMP_StyleSheet",
          "Type": "MonoScript"
        },
        {
          "PathID": 221,
          "Name": "CinemachinePipeline",
          "Type": "MonoScript"
        },
        {
          "PathID": 222,
          "Name": "BloomComponent",
          "Type": "MonoScript"
        },
        {
          "PathID": 223,
          "Name": "Cat",
          "Type": "MonoScript"
        },
        {
          "PathID": 224,
          "Name": "RenderTextureFactory",
          "Type": "MonoScript"
        },
        {
          "PathID": 225,
          "Name": "CinemachineComponentBase",
          "Type": "MonoScript"
        },
        {
          "PathID": 226,
          "Name": "RuntimeUtility",
          "Type": "MonoScript"
        },
        {
          "PathID": 227,
          "Name": "TMP_LineInfo",
          "Type": "MonoScript"
        },
        {
          "PathID": 228,
          "Name": "NoiseSettings",
          "Type": "MonoScript"
        },
        {
          "PathID": 229,
          "Name": "ChromaticAberrationComponent",
          "Type": "MonoScript"
        },
        {
          "PathID": 230,
          "Name": "MotionBlurModel",
          "Type": "MonoScript"
        },
        {
          "PathID": 231,
          "Name": "CinemachineNewFreeLook",
          "Type": "MonoScript"
        },
        {
          "PathID": 232,
          "Name": "CinemachineNewVirtualCamera",
          "Type": "MonoScript"
        },
        {
          "PathID": 233,
          "Name": "DataPrivacy",
          "Type": "MonoScript"
        },
        {
          "PathID": 234,
          "Name": "EyeAdaptationComponent",
          "Type": "MonoScript"
        },
        {
          "PathID": 235,
          "Name": "CameraState",
          "Type": "MonoScript"
        },
        {
          "PathID": 236,
          "Name": "AssemblyInfo",
          "Type": "MonoScript"
        },
        {
          "PathID": 237,
          "Name": "AmbientOcclusionComponent",
          "Type": "MonoScript"
        },
        {
          "PathID": 238,
          "Name": "CinemachineCore",
          "Type": "MonoScript"
        },
        {
          "PathID": 239,
          "Name": "Bullet",
          "Type": "MonoScript"
        },
        {
          "PathID": 240,
          "Name": "TMP_SelectionCaret",
          "Type": "MonoScript"
        },
        {
          "PathID": 241,
          "Name": "AntialiasingModel",
          "Type": "MonoScript"
        },
        {
          "PathID": 242,
          "Name": "CinemachineCollisionImpulseSource",
          "Type": "MonoScript"
        },
        {
          "PathID": 243,
          "Name": "SignalSourceAsset",
          "Type": "MonoScript"
        },
        {
          "PathID": 244,
          "Name": "YOUWON",
          "Type": "MonoScript"
        },
        {
          "PathID": 245,
          "Name": "PackageResourceImporterWindow",
          "Type": "MonoScript"
        },
        {
          "PathID": 246,
          "Name": "FogComponent",
          "Type": "MonoScript"
        },
        {
          "PathID": 247,
          "Name": "FxaaComponent",
          "Type": "MonoScript"
        },
        {
          "PathID": 248,
          "Name": "CinemachineClearShot",
          "Type": "MonoScript"
        },
        {
          "PathID": 249,
          "Name": "VignetteModel",
          "Type": "MonoScript"
        },
        {
          "PathID": 250,
          "Name": "DepthOfFieldComponent",
          "Type": "MonoScript"
        },
        {
          "PathID": 251,
          "Name": "ScreenSpaceReflectionComponent",
          "Type": "MonoScript"
        },
        {
          "PathID": 252,
          "Name": "BloomModel",
          "Type": "MonoScript"
        },
        {
          "PathID": 253,
          "Name": "TMP_MeshInfo",
          "Type": "MonoScript"
        },
        {
          "PathID": 254,
          "Name": "CinemachineTriggerAction",
          "Type": "MonoScript"
        },
        {
          "PathID": 255,
          "Name": "TMP_SpriteAssetImportFormats",
          "Type": "MonoScript"
        },
        {
          "PathID": 256,
          "Name": "CinemachineCollider",
          "Type": "MonoScript"
        },
        {
          "PathID": 257,
          "Name": "CinemachineTargetGroup",
          "Type": "MonoScript"
        },
        {
          "PathID": 258,
          "Name": "TMP_ObjectPool",
          "Type": "MonoScript"
        },
        {
          "PathID": 259,
          "Name": "JOYSTICK",
          "Type": "MonoScript"
        },
        {
          "PathID": 260,
          "Name": "ScreenSpaceReflectionModel",
          "Type": "MonoScript"
        },
        {
          "PathID": 261,
          "Name": "CinemachineImpulseManager",
          "Type": "MonoScript"
        },
        {
          "PathID": 262,
          "Name": "EyeAdaptationModel",
          "Type": "MonoScript"
        },
        {
          "PathID": 263,
          "Name": "PostProcessingComponent",
          "Type": "MonoScript"
        },
        {
          "PathID": 264,
          "Name": "TMPro_MeshUtilities",
          "Type": "MonoScript"
        },
        {
          "PathID": 265,
          "Name": "GetSetAttribute",
          "Type": "MonoScript"
        },
        {
          "PathID": 266,
          "Name": "TaaComponent",
          "Type": "MonoScript"
        },
        {
          "PathID": 267,
          "Name": "CinemachineComposer",
          "Type": "MonoScript"
        },
        {
          "PathID": 268,
          "Name": "GraphicsUtils",
          "Type": "MonoScript"
        },
        {
          "PathID": 269,
          "Name": "TextMeshProUGUI",
          "Type": "MonoScript"
        },
        {
          "PathID": 270,
          "Name": "GrainModel",
          "Type": "MonoScript"
        },
        {
          "PathID": 271,
          "Name": "TMPro_FontUtilities",
          "Type": "MonoScript"
        },
        {
          "PathID": 272,
          "Name": "CinemachineTransposer",
          "Type": "MonoScript"
        },
        {
          "PathID": 273,
          "Name": "PlayerMovement",
          "Type": "MonoScript"
        },
        {
          "PathID": 274,
          "Name": "SplineHelpers",
          "Type": "MonoScript"
        },
        {
          "PathID": 275,
          "Name": "BuiltinDebugViewsComponent",
          "Type": "MonoScript"
        },
        {
          "PathID": 276,
          "Name": "ColorGradingModel",
          "Type": "MonoScript"
        },
        {
          "PathID": 277,
          "Name": "TMPro_ShaderUtilities",
          "Type": "MonoScript"
        },
        {
          "PathID": 278,
          "Name": "PostProcessingBehaviour",
          "Type": "MonoScript"
        },
        {
          "PathID": 279,
          "Name": "ActivationTrack",
          "Type": "MonoScript"
        },
        {
          "PathID": 280,
          "Name": "ActivationTrack",
          "Type": "MonoScript"
        },
        {
          "PathID": 281,
          "Name": "AnalyticsTracker",
          "Type": "MonoScript"
        },
        {
          "PathID": 282,
          "Name": "NetworkManagerHUD",
          "Type": "MonoScript"
        },
        {
          "PathID": 283,
          "Name": "NetworkManagerHUD",
          "Type": "MonoScript"
        },
        {
          "PathID": 284,
          "Name": "NetworkManagerHUD",
          "Type": "MonoScript"
        },
        {
          "PathID": 285,
          "Name": "NetworkLobbyPlayer",
          "Type": "MonoScript"
        },
        {
          "PathID": 286,
          "Name": "NetworkLobbyPlayer",
          "Type": "MonoScript"
        },
        {
          "PathID": 287,
          "Name": "NetworkLobbyPlayer",
          "Type": "MonoScript"
        },
        {
          "PathID": 288,
          "Name": "TimelineAsset",
          "Type": "MonoScript"
        },
        {
          "PathID": 289,
          "Name": "TimelineAsset",
          "Type": "MonoScript"
        },
        {
          "PathID": 290,
          "Name": "NetworkIdentity",
          "Type": "MonoScript"
        },
        {
          "PathID": 291,
          "Name": "NetworkIdentity",
          "Type": "MonoScript"
        },
        {
          "PathID": 292,
          "Name": "NetworkIdentity",
          "Type": "MonoScript"
        },
        {
          "PathID": 293,
          "Name": "Graphic",
          "Type": "MonoScript"
        },
        {
          "PathID": 294,
          "Name": "Graphic",
          "Type": "MonoScript"
        },
        {
          "PathID": 295,
          "Name": "ActivationPlayableAsset",
          "Type": "MonoScript"
        },
        {
          "PathID": 296,
          "Name": "ActivationPlayableAsset",
          "Type": "MonoScript"
        },
        {
          "PathID": 297,
          "Name": "UIBehaviour",
          "Type": "MonoScript"
        },
        {
          "PathID": 298,
          "Name": "UIBehaviour",
          "Type": "MonoScript"
        },
        {
          "PathID": 299,
          "Name": "InputField",
          "Type": "MonoScript"
        },
        {
          "PathID": 300,
          "Name": "InputField",
          "Type": "MonoScript"
        },
        {
          "PathID": 301,
          "Name": "Text",
          "Type": "MonoScript"
        },
        {
          "PathID": 302,
          "Name": "Text",
          "Type": "MonoScript"
        },
        {
          "PathID": 303,
          "Name": "HorizontalOrVerticalLayoutGroup",
          "Type": "MonoScript"
        },
        {
          "PathID": 304,
          "Name": "HorizontalOrVerticalLayoutGroup",
          "Type": "MonoScript"
        },
        {
          "PathID": 305,
          "Name": "Dropdown",
          "Type": "MonoScript"
        },
        {
          "PathID": 306,
          "Name": "Dropdown",
          "Type": "MonoScript"
        },
        {
          "PathID": 307,
          "Name": "StandaloneInputModule",
          "Type": "MonoScript"
        },
        {
          "PathID": 308,
          "Name": "StandaloneInputModule",
          "Type": "MonoScript"
        },
        {
          "PathID": 309,
          "Name": "NetworkMigrationManager",
          "Type": "MonoScript"
        },
        {
          "PathID": 310,
          "Name": "NetworkMigrationManager",
          "Type": "MonoScript"
        },
        {
          "PathID": 311,
          "Name": "NetworkMigrationManager",
          "Type": "MonoScript"
        },
        {
          "PathID": 312,
          "Name": "NetworkProximityChecker",
          "Type": "MonoScript"
        },
        {
          "PathID": 313,
          "Name": "NetworkProximityChecker",
          "Type": "MonoScript"
        },
        {
          "PathID": 314,
          "Name": "NetworkProximityChecker",
          "Type": "MonoScript"
        },
        {
          "PathID": 315,
          "Name": "VerticalLayoutGroup",
          "Type": "MonoScript"
        },
        {
          "PathID": 316,
          "Name": "VerticalLayoutGroup",
          "Type": "MonoScript"
        },
        {
          "PathID": 317,
          "Name": "GraphicRaycaster",
          "Type": "MonoScript"
        },
        {
          "PathID": 318,
          "Name": "GraphicRaycaster",
          "Type": "MonoScript"
        },
        {
          "PathID": 319,
          "Name": "BaseInput",
          "Type": "MonoScript"
        },
        {
          "PathID": 320,
          "Name": "BaseInput",
          "Type": "MonoScript"
        },
        {
          "PathID": 321,
          "Name": "ScrollRect",
          "Type": "MonoScript"
        },
        {
          "PathID": 322,
          "Name": "ScrollRect",
          "Type": "MonoScript"
        },
        {
          "PathID": 323,
          "Name": "Button",
          "Type": "MonoScript"
        },
        {
          "PathID": 324,
          "Name": "Button",
          "Type": "MonoScript"
        },
        {
          "PathID": 325,
          "Name": "CallbackExecutor",
          "Type": "MonoScript"
        },
        {
          "PathID": 326,
          "Name": "AnimationTrack",
          "Type": "MonoScript"
        },
        {
          "PathID": 327,
          "Name": "AnimationTrack",
          "Type": "MonoScript"
        },
        {
          "PathID": 328,
          "Name": "Shadow",
          "Type": "MonoScript"
        },
        {
          "PathID": 329,
          "Name": "Shadow",
          "Type": "MonoScript"
        },
        {
          "PathID": 330,
          "Name": "NetworkAnimator",
          "Type": "MonoScript"
        },
        {
          "PathID": 331,
          "Name": "NetworkAnimator",
          "Type": "MonoScript"
        },
        {
          "PathID": 332,
          "Name": "NetworkAnimator",
          "Type": "MonoScript"
        },
        {
          "PathID": 333,
          "Name": "PlayModeRunnerCallback",
          "Type": "MonoScript"
        },
        {
          "PathID": 334,
          "Name": "AnalyticsEventTrackerEditor",
          "Type": "MonoScript"
        },
        {
          "PathID": 335,
          "Name": "BaseMeshEffect",
          "Type": "MonoScript"
        },
        {
          "PathID": 336,
          "Name": "BaseMeshEffect",
          "Type": "MonoScript"
        },
        {
          "PathID": 337,
          "Name": "LayoutElement",
          "Type": "MonoScript"
        },
        {
          "PathID": 338,
          "Name": "LayoutElement",
          "Type": "MonoScript"
        },
        {
          "PathID": 339,
          "Name": "Placeholder",
          "Type": "MonoScript"
        },
        {
          "PathID": 340,
          "Name": "ContentSizeFitter",
          "Type": "MonoScript"
        },
        {
          "PathID": 341,
          "Name": "ContentSizeFitter",
          "Type": "MonoScript"
        },
        {
          "PathID": 342,
          "Name": "TrackedPoseDriver",
          "Type": "MonoScript"
        },
        {
          "PathID": 343,
          "Name": "TrackedPoseDriver",
          "Type": "MonoScript"
        },
        {
          "PathID": 344,
          "Name": "PlayableTrack",
          "Type": "MonoScript"
        },
        {
          "PathID": 345,
          "Name": "PlayableTrack",
          "Type": "MonoScript"
        },
        {
          "PathID": 346,
          "Name": "BeforeAfterTestCommandState",
          "Type": "MonoScript"
        },
        {
          "PathID": 347,
          "Name": "GvrAudioListenerExtension",
          "Type": "MonoScript"
        },
        {
          "PathID": 348,
          "Name": "GvrAudioListenerExtension",
          "Type": "MonoScript"
        },
        {
          "PathID": 349,
          "Name": "PositionAsUV1",
          "Type": "MonoScript"
        },
        {
          "PathID": 350,
          "Name": "PositionAsUV1",
          "Type": "MonoScript"
        },
        {
          "PathID": 351,
          "Name": "CanvasScaler",
          "Type": "MonoScript"
        },
        {
          "PathID": 352,
          "Name": "CanvasScaler",
          "Type": "MonoScript"
        },
        {
          "PathID": 353,
          "Name": "BaseArmModel",
          "Type": "MonoScript"
        },
        {
          "PathID": 354,
          "Name": "BaseArmModel",
          "Type": "MonoScript"
        },
        {
          "PathID": 355,
          "Name": "TouchInputModule",
          "Type": "MonoScript"
        },
        {
          "PathID": 356,
          "Name": "TouchInputModule",
          "Type": "MonoScript"
        },
        {
          "PathID": 357,
          "Name": "AnimationPlayableAsset",
          "Type": "MonoScript"
        },
        {
          "PathID": 358,
          "Name": "AnimationPlayableAsset",
          "Type": "MonoScript"
        },
        {
          "PathID": 359,
          "Name": "Toggle",
          "Type": "MonoScript"
        },
        {
          "PathID": 360,
          "Name": "Toggle",
          "Type": "MonoScript"
        }
      ]
    },
    {
      "Name": "ec6c5af987867f54aa08fba81ee279bd",
      "Assets": []
    },
    {
      "Name": "e881ae5627d1cc84395303acfbca6fb2",
      "Assets": []
    },
    {
      "Name": "d248d4d1588851f43a9fa18a4e6f0209",
      "Assets": []
    },
    {
      "Name": "ac8ed710934a3564686a096bb351caee",
      "Assets": []
    },
    {
      "Name": "8ce0a6f4c8cae334d8a5617f302b6769",
      "Assets": []
    },
    {
      "Name": "81899cddfbc72494497a6db0ae045f2c",
      "Assets": []
    },
    {
      "Name": "7d89469544dfa214eabdbf37fca76f40",
      "Assets": []
    },
    {
      "Name": "72127ba7dd8c6b04bb3f29c7ee669813",
      "Assets": []
    },
    {
      "Name": "6ab8493603d8f8e408750b81666a95f1",
      "Assets": []
    },
    {
      "Name": "607a5643efb168f429e438f7d6ad270a",
      "Assets": []
    },
    {
      "Name": "4ceb73bc148699b469361531d6062548",
      "Assets": []
    },
    {
      "Name": "2a72fc91cbae3cc4686a6143e8517993",
      "Assets": []
    },
    {
      "Name": "291f0d5b6045f4646847c59b4ce13ac5",
      "Assets": []
    },
    {
      "Name": "11852d1b1b034654bb03e7c8fda28fbf",
      "Assets": []
    },
    {
      "Name": "0000000000000000f000000000000000",
      "Assets": []
    },
    {
      "Name": "sharedassets0.assets",
      "Assets": [
        {
          "PathID": 3,
          "Name": "Default-ParticleSystem",
          "Type": "Texture2D"
        },
        {
          "PathID": 4,
          "Name": "PLayerMOving0012",
          "Type": "Texture2D"
        },
        {
          "PathID": 5,
          "Name": "Start",
          "Type": "Texture2D"
        },
        {
          "PathID": 6,
          "Name": "PLayerMOving0011",
          "Type": "Texture2D"
        },
        {
          "PathID": 7,
          "Name": "PLayerMOving0018",
          "Type": "Texture2D"
        },
        {
          "PathID": 8,
          "Name": "PLayerMOving0006",
          "Type": "Texture2D"
        },
        {
          "PathID": 9,
          "Name": "PLayerMOving0020",
          "Type": "Texture2D"
        },
        {
          "PathID": 10,
          "Name": "PLayerMOving0005",
          "Type": "Texture2D"
        },
        {
          "PathID": 11,
          "Name": "PLayerMOving0010",
          "Type": "Texture2D"
        },
        {
          "PathID": 12,
          "Name": "PLayerMOving0017",
          "Type": "Texture2D"
        },
        {
          "PathID": 13,
          "Name": "PLayerMOving0016",
          "Type": "Texture2D"
        },
        {
          "PathID": 14,
          "Name": "PLayerMOving0001",
          "Type": "Texture2D"
        },
        {
          "PathID": 15,
          "Name": "PLayerMOving0004",
          "Type": "Texture2D"
        },
        {
          "PathID": 16,
          "Name": "n",
          "Type": "Texture2D"
        },
        {
          "PathID": 17,
          "Name": "PLayerMOving0013",
          "Type": "Texture2D"
        },
        {
          "PathID": 18,
          "Name": "PLayerMOving0003",
          "Type": "Texture2D"
        },
        {
          "PathID": 19,
          "Name": "LEVELVS",
          "Type": "Texture2D"
        },
        {
          "PathID": 20,
          "Name": "EXIT",
          "Type": "Texture2D"
        },
        {
          "PathID": 21,
          "Name": "PLayerMOving0014",
          "Type": "Texture2D"
        },
        {
          "PathID": 22,
          "Name": "PLayerMOving0015",
          "Type": "Texture2D"
        },
        {
          "PathID": 23,
          "Name": "PLayerMOving0019",
          "Type": "Texture2D"
        },
        {
          "PathID": 24,
          "Name": "PLayerMOving0002",
          "Type": "Texture2D"
        },
        {
          "PathID": 25,
          "Name": "PLayerMOving0008",
          "Type": "Texture2D"
        },
        {
          "PathID": 26,
          "Name": "PLayerMOving0009",
          "Type": "Texture2D"
        },
        {
          "PathID": 27,
          "Name": "PLayerMOving0007",
          "Type": "Texture2D"
        },
        {
          "PathID": 28,
          "Name": "bgUI",
          "Type": "Texture2D"
        },
        {
          "PathID": 32,
          "Name": "theme.pm3 (online-audio-converter.com)",
          "Type": "AudioClip"
        }
      ]
    },
    {
      "Name": "unity_builtin_extra",
      "Assets": []
    },
    {
      "Name": "unity default resources",
      "Assets": [
        {
          "PathID": 10001,
          "Name": "Soft",
          "Type": "Texture2D"
        },
        {
          "PathID": 10103,
          "Name": "Font Texture",
          "Type": "Texture2D"
        },
        {
          "PathID": 10200,
          "Name": "pSphere1",
          "Type": "Mesh"
        },
        {
          "PathID": 10202,
          "Name": "Cube",
          "Type": "Mesh"
        },
        {
          "PathID": 10203,
          "Name": "pCylinder1",
          "Type": "Mesh"
        },
        {
          "PathID": 10204,
          "Name": "pPlane1",
          "Type": "Mesh"
        },
        {
          "PathID": 10205,
          "Name": "polySurface2",
          "Type": "Mesh"
        },
        {
          "PathID": 10206,
          "Name": "Cylinder",
          "Type": "Mesh"
        },
        {
          "PathID": 10207,
          "Name": "Sphere",
          "Type": "Mesh"
        },
        {
          "PathID": 10208,
          "Name": "Capsule",
          "Type": "Mesh"
        },
        {
          "PathID": 10209,
          "Name": "Plane",
          "Type": "Mesh"
        },
        {
          "PathID": 10210,
          "Name": "Quad",
          "Type": "Mesh"
        },
        {
          "PathID": 10211,
          "Name": "Icosphere",
          "Type": "Mesh"
        },
        {
          "PathID": 10212,
          "Name": "icosahedron",
          "Type": "Mesh"
        },
        {
          "PathID": 10213,
          "Name": "pyramid",
          "Type": "Mesh"
        },
        {
          "PathID": 10400,
          "Name": "UnityWatermark-small",
          "Type": "Texture2D"
        },
        {
          "PathID": 10401,
          "Name": "EscToExit_back",
          "Type": "Texture2D"
        },
        {
          "PathID": 10402,
          "Name": "EscToExit_Text",
          "Type": "Texture2D"
        },
        {
          "PathID": 10403,
          "Name": "UnitySplash-cube",
          "Type": "Texture2D"
        },
        {
          "PathID": 10406,
          "Name": "UnityWatermark-trial-big",
          "Type": "Texture2D"
        },
        {
          "PathID": 10407,
          "Name": "UnityWatermark-trial",
          "Type": "Texture2D"
        },
        {
          "PathID": 10408,
          "Name": "UnityWatermark-beta",
          "Type": "Texture2D"
        },
        {
          "PathID": 10409,
          "Name": "UnityWatermark-edu",
          "Type": "Texture2D"
        },
        {
          "PathID": 10410,
          "Name": "UnityWatermark-dev",
          "Type": "Texture2D"
        },
        {
          "PathID": 10411,
          "Name": "WarningSign",
          "Type": "Texture2D"
        },
        {
          "PathID": 10413,
          "Name": "UnityWatermark-proto",
          "Type": "Texture2D"
        },
        {
          "PathID": 10414,
          "Name": "UnityWatermarkPlugin-beta",
          "Type": "Texture2D"
        },
        {
          "PathID": 11001,
          "Name": "box",
          "Type": "Texture2D"
        },
        {
          "PathID": 11002,
          "Name": "button active",
          "Type": "Texture2D"
        },
        {
          "PathID": 11003,
          "Name": "button hover",
          "Type": "Texture2D"
        },
        {
          "PathID": 11004,
          "Name": "button on hover",
          "Type": "Texture2D"
        },
        {
          "PathID": 11005,
          "Name": "button on",
          "Type": "Texture2D"
        },
        {
          "PathID": 11006,
          "Name": "button",
          "Type": "Texture2D"
        },
        {
          "PathID": 11007,
          "Name": "horizontal scrollbar thumb",
          "Type": "Texture2D"
        },
        {
          "PathID": 11008,
          "Name": "horizontal scrollbar",
          "Type": "Texture2D"
        },
        {
          "PathID": 11009,
          "Name": "horizontalslider",
          "Type": "Texture2D"
        },
        {
          "PathID": 11010,
          "Name": "slider thumb active",
          "Type": "Texture2D"
        },
        {
          "PathID": 11011,
          "Name": "slider thumb",
          "Type": "Texture2D"
        },
        {
          "PathID": 11012,
          "Name": "slidert humb hover",
          "Type": "Texture2D"
        },
        {
          "PathID": 11013,
          "Name": "toggle active",
          "Type": "Texture2D"
        },
        {
          "PathID": 11014,
          "Name": "toggle hover",
          "Type": "Texture2D"
        },
        {
          "PathID": 11015,
          "Name": "toggle on hover",
          "Type": "Texture2D"
        },
        {
          "PathID": 11016,
          "Name": "toggle on",
          "Type": "Texture2D"
        },
        {
          "PathID": 11017,
          "Name": "toggle on active",
          "Type": "Texture2D"
        },
        {
          "PathID": 11018,
          "Name": "toggle",
          "Type": "Texture2D"
        },
        {
          "PathID": 11019,
          "Name": "vertical scrollbar thumb",
          "Type": "Texture2D"
        },
        {
          "PathID": 11020,
          "Name": "vertical scrollbar",
          "Type": "Texture2D"
        },
        {
          "PathID": 11021,
          "Name": "verticalslider",
          "Type": "Texture2D"
        },
        {
          "PathID": 11022,
          "Name": "window on",
          "Type": "Texture2D"
        },
        {
          "PathID": 11023,
          "Name": "window",
          "Type": "Texture2D"
        },
        {
          "PathID": 11024,
          "Name": "textfield",
          "Type": "Texture2D"
        },
        {
          "PathID": 11025,
          "Name": "textfield on",
          "Type": "Texture2D"
        },
        {
          "PathID": 11026,
          "Name": "textfield hover",
          "Type": "Texture2D"
        },
        {
          "PathID": 11994,
          "Name": "TemplateAsset",
          "Type": "MonoScript"
        },
        {
          "PathID": 11996,
          "Name": "VisualTreeAsset",
          "Type": "MonoScript"
        },
        {
          "PathID": 11997,
          "Name": "StyleSheet",
          "Type": "MonoScript"
        },
        {
          "PathID": 12001,
          "Name": "GUISkin",
          "Type": "MonoScript"
        },
        {
          "PathID": 13312,
          "Name": "Tile",
          "Type": "MonoScript"
        },
        {
          "PathID": 13313,
          "Name": "TileBase",
          "Type": "MonoScript"
        },
        {
          "PathID": 15000,
          "Name": "UnitySplash-HolographicTrackingLoss",
          "Type": "Texture2D"
        }
      ]
    },
    {
      "Name": "level4",
      "Assets": []
    },
    {
      "Name": "level3",
      "Assets": []
    },
    {
      "Name": "level2",
      "Assets": []
    },
    {
      "Name": "level1",
      "Assets": []
    },
    {
      "Name": "level0",
      "Assets": []
    },
    {
      "Name": "globalgamemanagers",
      "Assets": []
    }
  ]
}